data/rollernet/rollernet_extractVertices_34.txt,40,163549,9976,,5459,,6494
data/rollernet/rollernet_extractVertices_83.txt,40,179795,9871,,5226,,5642
data/rollernet/rollernet_extractVertices_71.txt,40,166453,9848,,5162,,5395
data/rollernet/rollernet_extractVertices_45.txt,40,181357,9974,,5304,,5808
data/rollernet/rollernet_extractVertices_3.txt,40,176177,9871,,5205,,5617
data/rollernet/rollernet_extractVertices_76.txt,40,162841,9939,,5069,,5323
data/rollernet/rollernet_extractVertices_80.txt,40,157222,9976,,4896,,5114
data/rollernet/rollernet_extractVertices_95.txt,40,173853,9974,,5183,,5715
data/rollernet/rollernet_extractVertices_37.txt,40,150925,9976,,4688,,4990
data/rollernet/rollernet_extractVertices_44.txt,40,181186,9901,,5327,,5738
data/rollernet/rollernet_extractVertices_98.txt,40,162633,9976,,4965,,5313
data/rollernet/rollernet_extractVertices_52.txt,40,182807,9976,,5348,,5759
data/rollernet/rollernet_extractVertices_79.txt,40,160351,9903,,4938,,5292
data/rollernet/rollernet_extractVertices_30.txt,40,171565,9976,,5097,,5488
data/rollernet/rollernet_extractVertices_43.txt,40,169309,9903,,5212,,5487
data/rollernet/rollernet_extractVertices_46.txt,40,163149,9976,,5012,,5360
data/rollernet/rollernet_extractVertices_9.txt,40,170483,9903,,5107,,5505
data/rollernet/rollernet_extractVertices_40.txt,40,170123,9976,,5095,,5488
data/rollernet/rollernet_extractVertices_67.txt,40,185576,9871,,5444,,5889
data/rollernet/rollernet_extractVertices_25.txt,40,163172,9777,,5032,,5317
data/rollernet/rollernet_extractVertices_90.txt,40,161028,9848,,4940,,5280
data/rollernet/rollernet_extractVertices_99.txt,40,153023,9903,,4807,,5152
data/rollernet/rollernet_extractVertices_89.txt,40,167153,9976,,5042,,5481
data/rollernet/rollernet_extractVertices_88.txt,40,153774,9976,,4767,,5234
data/rollernet/rollernet_extractVertices_10.txt,40,159191,9937,,4891,,5235
data/rollernet/rollernet_extractVertices_38.txt,40,160599,9900,,4924,,5294
data/rollernet/rollernet_extractVertices_26.txt,40,165393,9844,,4991,,5345
data/rollernet/rollernet_extractVertices_54.txt,40,160011,9976,,4933,,5293
data/rollernet/rollernet_extractVertices_11.txt,40,163995,9777,,4978,,5348
data/rollernet/rollernet_extractVertices_59.txt,40,154292,9976,,4783,,5109
data/rollernet/rollernet_extractVertices_84.txt,40,174278,9974,,5164,,5568
data/rollernet/rollernet_extractVertices_39.txt,40,182391,9722,,5441,,5861
data/rollernet/rollernet_extractVertices_41.txt,40,170376,9903,,5087,,5498
data/rollernet/rollernet_extractVertices_1.txt,40,170466,9871,,5176,,5478
data/rollernet/rollernet_extractVertices_42.txt,40,156665,9974,,4818,,5129
data/rollernet/rollernet_extractVertices_62.txt,40,157512,9976,,4819,,5188
data/rollernet/rollernet_extractVertices_49.txt,40,167463,9939,,5023,,5478
data/rollernet/rollernet_extractVertices_33.txt,40,155925,9976,,4924,,5244
data/rollernet/rollernet_extractVertices_8.txt,40,165228,9781,,5028,,5389
data/rollernet/rollernet_extractVertices_66.txt,40,167996,9903,,5052,,5416
data/rollernet/rollernet_extractVertices_2.txt,40,165304,9859,,5020,,5450
data/rollernet/rollernet_extractVertices_74.txt,40,164126,9974,,5080,,5483
data/rollernet/rollernet_extractVertices_96.txt,40,169780,9976,,5081,,5510
data/rollernet/rollernet_extractVertices_14.txt,40,153823,9939,,4787,,5095
data/rollernet/rollernet_extractVertices_35.txt,40,173357,9861,,5159,,5515
data/rollernet/rollernet_extractVertices_28.txt,40,185178,9976,,5386,,5790
data/rollernet/rollernet_extractVertices_55.txt,40,144078,9974,,4611,,4941
data/rollernet/rollernet_extractVertices_63.txt,40,181487,9976,,5345,,5756
data/rollernet/rollernet_extractVertices_51.txt,40,166454,9974,,5032,,5385
data/rollernet/rollernet_extractVertices_72.txt,40,153979,9939,,4834,,5208
data/rollernet/rollernet_extractVertices_32.txt,40,152601,9976,,4735,,5123
data/rollernet/rollernet_extractVertices_20.txt,40,170107,9974,,5079,,5434
data/rollernet/rollernet_extractVertices_91.txt,40,161791,9903,,4998,,5338
data/rollernet/rollernet_extractVertices_7.txt,40,154536,9901,,4841,,5149
data/rollernet/rollernet_extractVertices_29.txt,40,177790,9903,,5299,,5724
data/rollernet/rollernet_extractVertices_22.txt,40,163063,9871,,4960,,5304
data/rollernet/rollernet_extractVertices_18.txt,40,165513,9871,,5034,,5424
data/rollernet/rollernet_extractVertices_97.txt,40,156383,9976,,4853,,5206
data/rollernet/rollernet_extractVertices_58.txt,40,152802,9976,,4755,,5087
data/rollernet/rollernet_extractVertices_50.txt,40,137589,9976,,4535,,4822
data/rollernet/rollernet_extractVertices_85.txt,40,181829,9976,,5273,,5688
data/rollernet/rollernet_extractVertices_78.txt,40,164605,9793,,5008,,5339
data/rollernet/rollernet_extractVertices_31.txt,40,184452,9976,,5463,,5787
data/rollernet/rollernet_extractVertices_64.txt,40,170101,9846,,5208,,5511
data/rollernet/rollernet_extractVertices_53.txt,40,169817,9903,,5181,,5500
data/rollernet/rollernet_extractVertices_93.txt,40,152435,9974,,4790,,5114
data/rollernet/rollernet_extractVertices_48.txt,40,168220,9687,,5089,,5431
data/rollernet/rollernet_extractVertices_27.txt,40,161879,9869,,4989,,5344
data/rollernet/rollernet_extractVertices_21.txt,40,167864,9976,,5133,,5454
data/rollernet/rollernet_extractVertices_57.txt,40,170778,9848,,5170,,5514
data/rollernet/rollernet_extractVertices_60.txt,40,165838,9846,,5083,,5405
data/rollernet/rollernet_extractVertices_82.txt,40,165146,9939,,5023,,5419
data/rollernet/rollernet_extractVertices_24.txt,40,149178,9976,,4704,,5063
data/rollernet/rollernet_extractVertices_68.txt,40,181182,9844,,5310,,5692
data/rollernet/rollernet_extractVertices_5.txt,40,177966,9848,,5270,,5712
data/rollernet/rollernet_extractVertices_81.txt,40,176402,9871,,5222,,5628
data/rollernet/rollernet_extractVertices_94.txt,40,178300,9974,,5297,,5706
data/rollernet/rollernet_extractVertices_65.txt,40,175479,9771,,5208,,5568
data/rollernet/rollernet_extractVertices_12.txt,40,164914,9775,,5031,,5357
data/rollernet/rollernet_extractVertices_70.txt,40,158047,9976,,4835,,5175
data/rollernet/rollernet_extractVertices_6.txt,40,162999,9936,,5001,,5381
data/rollernet/rollernet_extractVertices_61.txt,40,160921,9937,,4883,,5261
data/rollernet/rollernet_extractVertices_0.txt,40,171575,9871,,5129,,5522
data/rollernet/rollernet_extractVertices_13.txt,40,160984,9848,,4966,,5338
data/rollernet/rollernet_extractVertices_23.txt,40,159792,9869,,4968,,5233
data/rollernet/rollernet_extractVertices_56.txt,40,154966,9903,,4861,,5119
data/rollernet/rollernet_extractVertices_17.txt,40,180210,9939,,5242,,5676
data/rollernet/rollernet_extractVertices_92.txt,40,170558,9871,,5143,,5491
data/rollernet/rollernet_extractVertices_75.txt,40,172051,9848,,5140,,5558
data/rollernet/rollernet_extractVertices_15.txt,40,165156,9976,,4995,,5342
data/rollernet/rollernet_extractVertices_36.txt,40,177564,9848,,5291,,5716
data/rollernet/rollernet_extractVertices_87.txt,40,159376,9974,,4888,,5207
data/rollernet/rollernet_extractVertices_77.txt,40,149196,9976,,4698,,5015
data/rollernet/rollernet_extractVertices_73.txt,40,184491,9771,,5380,,5811
data/rollernet/rollernet_extractVertices_4.txt,40,155296,9901,,4840,,5167
data/rollernet/rollernet_extractVertices_69.txt,40,147984,9976,,4685,,4993
data/rollernet/rollernet_extractVertices_47.txt,40,166825,9861,,5033,,5526
data/rollernet/rollernet_extractVertices_16.txt,40,158356,9974,,4998,,5275
data/rollernet/rollernet_extractVertices_86.txt,40,149790,9976,,4785,,5043
data/rollernet/rollernet_extractVertices_19.txt,40,164574,9976,,5020,,5518
data/rollernet/rollernet_extractVertices_175.txt,50,252683,9976,,12363,,14140
data/rollernet/rollernet_extractVertices_148.txt,50,249464,9976,,12351,,13898
data/rollernet/rollernet_extractVertices_132.txt,50,259607,9901,,12666,,14421
data/rollernet/rollernet_extractVertices_130.txt,50,261825,9939,,12452,,14496
data/rollernet/rollernet_extractVertices_101.txt,50,260724,9936,,12480,,14239
data/rollernet/rollernet_extractVertices_155.txt,50,262103,9976,,12614,,14383
data/rollernet/rollernet_extractVertices_112.txt,50,259638,9974,,12544,,14294
data/rollernet/rollernet_extractVertices_116.txt,50,261031,9976,,12478,,14438
data/rollernet/rollernet_extractVertices_163.txt,50,250572,9903,,12225,,14049
data/rollernet/rollernet_extractVertices_198.txt,50,256729,9903,,12670,,14395
data/rollernet/rollernet_extractVertices_151.txt,50,249430,9939,,12328,,13830
data/rollernet/rollernet_extractVertices_171.txt,50,268475,9903,,12886,,14722
data/rollernet/rollernet_extractVertices_199.txt,50,260327,9976,,12627,,14342
data/rollernet/rollernet_extractVertices_105.txt,50,258887,9976,,12557,,14335
data/rollernet/rollernet_extractVertices_137.txt,50,253020,9871,,12481,,14198
data/rollernet/rollernet_extractVertices_191.txt,50,261792,9974,,12655,,14373
data/rollernet/rollernet_extractVertices_138.txt,50,253803,9976,,12504,,14139
data/rollernet/rollernet_extractVertices_108.txt,50,263105,9869,,12617,,14691
data/rollernet/rollernet_extractVertices_146.txt,50,288293,9871,,13271,,15310
data/rollernet/rollernet_extractVertices_118.txt,50,250297,9976,,12288,,14038
data/rollernet/rollernet_extractVertices_144.txt,50,263973,9869,,12679,,14544
data/rollernet/rollernet_extractVertices_124.txt,50,252700,9939,,12313,,14059
data/rollernet/rollernet_extractVertices_162.txt,50,260782,9848,,12617,,14365
data/rollernet/rollernet_extractVertices_176.txt,50,252151,9974,,12336,,14165
data/rollernet/rollernet_extractVertices_161.txt,50,258168,9976,,12510,,14310
data/rollernet/rollernet_extractVertices_164.txt,50,271837,9903,,12754,,14649
data/rollernet/rollernet_extractVertices_166.txt,50,282221,9903,,13153,,15146
data/rollernet/rollernet_extractVertices_115.txt,50,262908,9903,,12579,,14449
data/rollernet/rollernet_extractVertices_172.txt,50,252573,9974,,12433,,14131
data/rollernet/rollernet_extractVertices_123.txt,50,278145,9871,,12891,,15087
data/rollernet/rollernet_extractVertices_139.txt,50,263033,9976,,12637,,14476
data/rollernet/rollernet_extractVertices_197.txt,50,262760,9974,,12666,,14503
data/rollernet/rollernet_extractVertices_160.txt,50,270919,9901,,12924,,14754
data/rollernet/rollernet_extractVertices_113.txt,50,267398,9976,,12642,,14525
data/rollernet/rollernet_extractVertices_136.txt,50,279445,9976,,13003,,15136
data/rollernet/rollernet_extractVertices_149.txt,50,265853,9939,,12809,,14658
data/rollernet/rollernet_extractVertices_189.txt,50,261383,9974,,12535,,14534
data/rollernet/rollernet_extractVertices_104.txt,50,251775,9939,,12540,,14156
data/rollernet/rollernet_extractVertices_195.txt,50,275064,9976,,12888,,14700
data/rollernet/rollernet_extractVertices_188.txt,50,253316,9976,,12404,,14100
data/rollernet/rollernet_extractVertices_183.txt,50,268481,9976,,12773,,14619
data/rollernet/rollernet_extractVertices_165.txt,50,268201,9974,,12902,,14623
data/rollernet/rollernet_extractVertices_185.txt,50,268652,9976,,12723,,14616
data/rollernet/rollernet_extractVertices_196.txt,50,268788,9939,,12810,,14651
data/rollernet/rollernet_extractVertices_145.txt,50,263182,9861,,12782,,14659
data/rollernet/rollernet_extractVertices_168.txt,50,260123,9974,,12647,,14407
data/rollernet/rollernet_extractVertices_187.txt,50,254283,9976,,12228,,13936
data/rollernet/rollernet_extractVertices_143.txt,50,258762,9976,,12444,,14185
data/rollernet/rollernet_extractVertices_119.txt,50,256488,9976,,12527,,14206
data/rollernet/rollernet_extractVertices_126.txt,50,253997,9871,,12539,,14265
data/rollernet/rollernet_extractVertices_169.txt,50,253693,9976,,12377,,14046
data/rollernet/rollernet_extractVertices_177.txt,50,262851,9976,,12591,,14465
data/rollernet/rollernet_extractVertices_153.txt,50,283669,9976,,13235,,15206
data/rollernet/rollernet_extractVertices_120.txt,50,273021,9974,,12928,,14860
data/rollernet/rollernet_extractVertices_106.txt,50,258889,9976,,12555,,14346
data/rollernet/rollernet_extractVertices_184.txt,50,247819,9976,,12213,,13917
data/rollernet/rollernet_extractVertices_110.txt,50,274220,9976,,12859,,14853
data/rollernet/rollernet_extractVertices_147.txt,50,259538,9976,,12516,,14289
data/rollernet/rollernet_extractVertices_173.txt,50,254860,9976,,12459,,14210
data/rollernet/rollernet_extractVertices_134.txt,50,262459,9976,,12705,,14314
data/rollernet/rollernet_extractVertices_170.txt,50,258331,9976,,12742,,14483
data/rollernet/rollernet_extractVertices_158.txt,50,277476,9976,,12964,,14799
data/rollernet/rollernet_extractVertices_167.txt,50,268922,9976,,12733,,14563
data/rollernet/rollernet_extractVertices_127.txt,50,258928,9976,,12617,,14320
data/rollernet/rollernet_extractVertices_117.txt,50,265058,9976,,12576,,14347
data/rollernet/rollernet_extractVertices_121.txt,50,244928,9976,,12049,,13686
data/rollernet/rollernet_extractVertices_156.txt,50,265558,9976,,12768,,14835
data/rollernet/rollernet_extractVertices_129.txt,50,249582,9976,,12376,,14201
data/rollernet/rollernet_extractVertices_152.txt,50,270949,9869,,12926,,14802
data/rollernet/rollernet_extractVertices_194.txt,50,275405,9903,,13030,,14996
data/rollernet/rollernet_extractVertices_193.txt,50,245880,9976,,12411,,14044
data/rollernet/rollernet_extractVertices_186.txt,50,256784,9937,,12445,,14135
data/rollernet/rollernet_extractVertices_140.txt,50,252710,9903,,12346,,14107
data/rollernet/rollernet_extractVertices_141.txt,50,257836,9871,,12613,,14655
data/rollernet/rollernet_extractVertices_157.txt,50,258613,9976,,12486,,14295
data/rollernet/rollernet_extractVertices_179.txt,50,273369,9976,,12835,,14767
data/rollernet/rollernet_extractVertices_128.txt,50,273380,9869,,12861,,14698
data/rollernet/rollernet_extractVertices_174.txt,50,247764,9976,,12301,,13948
data/rollernet/rollernet_extractVertices_182.txt,50,245194,9976,,12177,,13980
data/rollernet/rollernet_extractVertices_142.txt,50,281662,9871,,13026,,14935
data/rollernet/rollernet_extractVertices_107.txt,50,240215,9976,,12060,,13787
data/rollernet/rollernet_extractVertices_125.txt,50,250274,9976,,12334,,14274
data/rollernet/rollernet_extractVertices_150.txt,50,260461,9939,,12612,,14330
data/rollernet/rollernet_extractVertices_111.txt,50,263969,9974,,12702,,14465
data/rollernet/rollernet_extractVertices_122.txt,50,265379,9901,,12716,,14476
data/rollernet/rollernet_extractVertices_103.txt,50,270503,9976,,13075,,14758
data/rollernet/rollernet_extractVertices_154.txt,50,274695,9976,,12827,,14768
data/rollernet/rollernet_extractVertices_135.txt,50,252535,9903,,12639,,14002
data/rollernet/rollernet_extractVertices_190.txt,50,266594,9903,,12759,,14486
data/rollernet/rollernet_extractVertices_181.txt,50,251990,9974,,12383,,14096
data/rollernet/rollernet_extractVertices_102.txt,50,245223,9976,,12319,,13932
data/rollernet/rollernet_extractVertices_114.txt,50,266171,9871,,12707,,14533
data/rollernet/rollernet_extractVertices_192.txt,50,244987,9901,,12285,,13933
data/rollernet/rollernet_extractVertices_180.txt,50,259992,9976,,12590,,14248
data/rollernet/rollernet_extractVertices_133.txt,50,266970,9976,,12778,,14663
data/rollernet/rollernet_extractVertices_131.txt,50,249736,9976,,12296,,14045
data/rollernet/rollernet_extractVertices_159.txt,50,262799,9976,,12599,,14466
data/rollernet/rollernet_extractVertices_178.txt,50,257606,9976,,12668,,14340
data/rollernet/rollernet_extractVertices_109.txt,50,257554,9976,,12490,,14237
data/rollernet/rollernet_extractVertices_100.txt,50,264675,9973,,12778,,14485
data/rollernet/rollernet_extractTimespan_178.txt,62,351990,7999,,30963,,35931
data/rollernet/rollernet_extractTimespan_98.txt,62,215203,4999,,34914,,41917
data/rollernet/rollernet_extractTimespan_194.txt,62,342802,7999,,30330,,36264
data/rollernet/rollernet_extractTimespan_163.txt,62,355017,7999,,30731,,37123
data/rollernet/rollernet_extractTimespan_146.txt,62,354794,7999,,30829,,36872
data/rollernet/rollernet_extractTimespan_6.txt,62,213096,4999,,34363,,41210
data/rollernet/rollernet_extractEdges_54.txt,62,100000,9976,,24915,,28931
data/rollernet/rollernet_extractTimespan_82.txt,62,212607,4999,,27603,,33211
data/rollernet/rollernet_extractEdges_47.txt,62,100000,9974,,24436,,28415
data/rollernet/rollernet_extractEdges_35.txt,62,100000,9976,,24434,,28558
data/rollernet/rollernet_extractEdges_23.txt,62,100000,9976,,24313,,28370
data/rollernet/rollernet_extractTimespan_26.txt,62,234516,4999,,29787,,35633
data/rollernet/rollernet_extractEdges_167.txt,62,200000,9976,,25853,,30007
data/rollernet/rollernet_extractTimespan_67.txt,62,213221,4999,,34575,,41155
data/rollernet/rollernet_extractEdges_36.txt,62,100000,9976,,24297,,28088
data/rollernet/rollernet_extractEdges_15.txt,62,100000,9976,,24279,,28587
data/rollernet/rollernet_extractTimespan_17.txt,62,233447,4999,,27131,,32668
data/rollernet/rollernet_extractTimespan_160.txt,62,347483,7999,,30454,,36452
data/rollernet/rollernet_extractEdges_281.txt,62,300000,9976,,29334,,34117
data/rollernet/rollernet_extractEdges_148.txt,62,200000,9976,,26402,,30639
data/rollernet/rollernet_extractEdges_162.txt,62,200000,9976,,25982,,30074
data/rollernet/rollernet_extractEdges_214.txt,62,300000,9976,,29198,,34222
data/rollernet/rollernet_extractTimespan_24.txt,62,216967,4999,,34996,,41842
data/rollernet/rollernet_extractEdges_42.txt,62,100000,9976,,23840,,27569
data/rollernet/rollernet_extractEdges_143.txt,62,200000,9976,,25996,,30261
data/rollernet/rollernet_extractTimespan_96.txt,62,231748,4999,,33695,,40233
data/rollernet/rollernet_extractEdges_73.txt,62,100000,9974,,24095,,27993
data/rollernet/rollernet_extractEdges_50.txt,62,100000,9976,,23993,,27924
data/rollernet/rollernet_extractTimespan_48.txt,62,217766,4999,,26823,,31956
data/rollernet/rollernet_extractEdges_27.txt,62,100000,9975,,24672,,28586
data/rollernet/rollernet_extractTimespan_114.txt,62,354925,7999,,30785,,36715
data/rollernet/rollernet_extractTimespan_86.txt,62,226093,4999,,35074,,41647
data/rollernet/rollernet_extractEdges_8.txt,62,100000,9974,,24651,,28672
data/rollernet/rollernet_extractTimespan_70.txt,62,217888,4999,,35072,,41713
data/rollernet/rollernet_extractTimespan_165.txt,62,342887,7999,,30325,,36441
data/rollernet/rollernet_extractTimespan_22.txt,62,234562,4999,,33412,,39918
data/rollernet/rollernet_extractEdges_164.txt,62,200000,9976,,26576,,30789
data/rollernet/rollernet_extractEdges_163.txt,62,200000,9976,,26353,,30257
data/rollernet/rollernet_extractTimespan_162.txt,62,355217,7999,,30829,,36750
data/rollernet/rollernet_extractEdges_125.txt,62,200000,9976,,26396,,30415
data/rollernet/rollernet_extractEdges_262.txt,62,300000,9976,,29135,,34167
data/rollernet/rollernet_extractTimespan_49.txt,62,233704,4999,,27119,,32455
data/rollernet/rollernet_extractEdges_225.txt,62,300000,9976,,29171,,34032
data/rollernet/rollernet_extractEdges_173.txt,62,200000,9976,,26666,,30721
data/rollernet/rollernet_extractEdges_38.txt,62,100000,9974,,24393,,28351
data/rollernet/rollernet_extractTimespan_136.txt,62,353749,7999,,31162,,36831
data/rollernet/rollernet_extractEdges_203.txt,62,300000,9976,,29465,,34210
data/rollernet/rollernet_extractEdges_207.txt,62,300000,9976,,29196,,34639
data/rollernet/rollernet_extractTimespan_183.txt,62,353998,7999,,31004,,37033
data/rollernet/rollernet_extractEdges_170.txt,62,200000,9976,,26280,,30506
data/rollernet/rollernet_extractEdges_71.txt,62,100000,9976,,24415,,28399
data/rollernet/rollernet_extractEdges_60.txt,62,100000,9976,,24300,,28238
data/rollernet/rollernet_extractEdges_131.txt,62,200000,9976,,26325,,30633
data/rollernet/rollernet_extractEdges_245.txt,62,300000,9976,,29398,,34430
data/rollernet/rollernet_extractEdges_160.txt,62,200000,9976,,26477,,30709
data/rollernet/rollernet_extractTimespan_130.txt,62,355111,7999,,30885,,36693
data/rollernet/rollernet_extractTimespan_184.txt,62,355382,7999,,30878,,36809
data/rollernet/rollernet_extractEdges_145.txt,62,200000,9976,,25930,,29904
data/rollernet/rollernet_extractTimespan_175.txt,62,347547,7999,,30449,,37061
data/rollernet/rollernet_extractTimespan_50.txt,62,233416,4999,,27262,,32553
data/rollernet/rollernet_extractEdges_216.txt,62,300000,9976,,29521,,34566
data/rollernet/rollernet_extractTimespan_189.txt,62,354782,7999,,30922,,36828
data/rollernet/rollernet_extractEdges_29.txt,62,100000,9976,,24369,,28340
data/rollernet/rollernet_extractTimespan_145.txt,62,354815,7999,,30700,,36719
data/rollernet/rollernet_extractEdges_192.txt,62,200000,9976,,26175,,29997
data/rollernet/rollernet_extractEdges_93.txt,62,100000,9976,,24162,,28145
data/rollernet/rollernet_extractTimespan_122.txt,62,339437,7999,,30229,,36457
data/rollernet/rollernet_extractTimespan_177.txt,62,333343,7976,,30248,,35917
data/rollernet/rollernet_extractTimespan_120.txt,62,355316,7999,,30695,,36852
data/rollernet/rollernet_extractEdges_206.txt,62,300000,9976,,29060,,33976
data/rollernet/rollernet_extractEdges_58.txt,62,100000,9976,,24341,,28302
data/rollernet/rollernet_extractTimespan_85.txt,62,215145,4999,,26954,,32554
data/rollernet/rollernet_extractTimespan_173.txt,62,338464,7999,,30134,,36747
data/rollernet/rollernet_extractEdges_242.txt,62,300000,9976,,29106,,34260
data/rollernet/rollernet_extractEdges_117.txt,62,200000,9976,,26838,,30852
data/rollernet/rollernet_extractEdges_251.txt,62,300000,9976,,29405,,34312
data/rollernet/rollernet_extractTimespan_58.txt,62,234634,4999,,31671,,37706
data/rollernet/rollernet_extractEdges_165.txt,62,200000,9976,,25948,,30138
data/rollernet/rollernet_extractTimespan_186.txt,62,355439,7999,,31029,,37364
data/rollernet/rollernet_extractEdges_277.txt,62,300000,9976,,29491,,34382
data/rollernet/rollernet_extractEdges_186.txt,62,200000,9976,,26387,,30675
data/rollernet/rollernet_extractEdges_121.txt,62,200000,9976,,26251,,30362
data/rollernet/rollernet_extractEdges_51.txt,62,100000,9976,,24389,,28491
data/rollernet/rollernet_extractTimespan_0.txt,62,232615,4999,,27168,,32524
data/rollernet/rollernet_extractEdges_231.txt,62,300000,9976,,29168,,34014
data/rollernet/rollernet_extractEdges_212.txt,62,300000,9976,,29315,,34499
data/rollernet/rollernet_extractTimespan_155.txt,62,355295,7999,,30772,,37106
data/rollernet/rollernet_extractTimespan_10.txt,62,205948,4990,,34752,,41602
data/rollernet/rollernet_extractTimespan_23.txt,62,216631,4999,,26631,,31834
data/rollernet/rollernet_extractEdges_175.txt,62,200000,9976,,26059,,30252
data/rollernet/rollernet_extractTimespan_54.txt,62,198981,4999,,34536,,41485
data/rollernet/rollernet_extractEdges_178.txt,62,200000,9976,,26223,,30836
data/rollernet/rollernet_extractTimespan_176.txt,62,353971,7999,,30989,,36899
data/rollernet/rollernet_extractEdges_67.txt,62,100000,9976,,24283,,28456
data/rollernet/rollernet_extractEdges_202.txt,62,300000,9976,,29724,,35008
data/rollernet/rollernet_extractEdges_88.txt,62,100000,9976,,23931,,27882
data/rollernet/rollernet_extractTimespan_109.txt,62,355054,7999,,30645,,36849
data/rollernet/rollernet_extractTimespan_105.txt,62,354671,7999,,30601,,36593
data/rollernet/rollernet_extractTimespan_137.txt,62,349947,7999,,30549,,36606
data/rollernet/rollernet_extractTimespan_121.txt,62,339530,7997,,30149,,36694
data/rollernet/rollernet_extractTimespan_65.txt,62,218080,4999,,26928,,32202
data/rollernet/rollernet_extractTimespan_44.txt,62,217478,4999,,26797,,31983
data/rollernet/rollernet_extractEdges_12.txt,62,100000,9976,,24658,,28863
data/rollernet/rollernet_extractTimespan_104.txt,62,354828,7999,,30529,,36824
data/rollernet/rollernet_extractEdges_130.txt,62,200000,9976,,26013,,30119
data/rollernet/rollernet_extractEdges_129.txt,62,200000,9976,,26708,,31348
data/rollernet/rollernet_extractEdges_197.txt,62,200000,9976,,26324,,30123
data/rollernet/rollernet_extractTimespan_61.txt,62,232419,4999,,27840,,33418
data/rollernet/rollernet_extractEdges_66.txt,62,100000,9975,,24364,,28514
data/rollernet/rollernet_extractEdges_30.txt,62,100000,9976,,24322,,28412
data/rollernet/rollernet_extractTimespan_101.txt,62,354451,7999,,30809,,37360
data/rollernet/rollernet_extractEdges_151.txt,62,200000,9976,,26354,,30427
data/rollernet/rollernet_extractEdges_6.txt,62,100000,9975,,24272,,28265
data/rollernet/rollernet_extractTimespan_33.txt,62,212967,4999,,27657,,32941
data/rollernet/rollernet_extractTimespan_93.txt,62,232662,4999,,27503,,32960
data/rollernet/rollernet_extractEdges_107.txt,62,200000,9976,,26245,,30302
data/rollernet/rollernet_extractEdges_191.txt,62,200000,9976,,26403,,30331
data/rollernet/rollernet_extractTimespan_52.txt,62,237101,4999,,29339,,35092
data/rollernet/rollernet_extractEdges_18.txt,62,100000,9976,,24222,,28088
data/rollernet/rollernet_extractEdges_0.txt,62,100000,9976,,23854,,27743
data/rollernet/rollernet_extractEdges_128.txt,62,200000,9976,,26264,,30379
data/rollernet/rollernet_extractEdges_16.txt,62,100000,9974,,24893,,28996
data/rollernet/rollernet_extractEdges_276.txt,62,300000,9976,,29443,,34286
data/rollernet/rollernet_extractTimespan_135.txt,62,352307,7999,,31441,,36579
data/rollernet/rollernet_extractEdges_294.txt,62,300000,9976,,29481,,34368
data/rollernet/rollernet_extractTimespan_195.txt,62,354159,7999,,31011,,36981
data/rollernet/rollernet_extractEdges_48.txt,62,100000,9976,,24323,,28261
data/rollernet/rollernet_extractEdges_118.txt,62,200000,9976,,26287,,30427
data/rollernet/rollernet_extractEdges_185.txt,62,200000,9976,,26610,,30793
data/rollernet/rollernet_extractEdges_90.txt,62,100000,9976,,24336,,28353
data/rollernet/rollernet_extractTimespan_124.txt,62,354278,7999,,30879,,37099
data/rollernet/rollernet_extractEdges_221.txt,62,300000,9976,,29446,,34263
data/rollernet/rollernet_extractEdges_28.txt,62,100000,9976,,24537,,28354
data/rollernet/rollernet_extractTimespan_143.txt,62,353770,7999,,31059,,36883
data/rollernet/rollernet_extractTimespan_148.txt,62,355585,7999,,30715,,36933
data/rollernet/rollernet_extractTimespan_29.txt,62,219000,4999,,26848,,32130
data/rollernet/rollernet_extractTimespan_133.txt,62,354443,7999,,30857,,36818
data/rollernet/rollernet_extractTimespan_171.txt,62,343625,7999,,30347,,36174
data/rollernet/rollernet_extractEdges_132.txt,62,200000,9976,,25960,,30022
data/rollernet/rollernet_extractTimespan_164.txt,62,352735,7999,,30747,,36671
data/rollernet/rollernet_extractEdges_56.txt,62,100000,9976,,24377,,28472
data/rollernet/rollernet_extractEdges_268.txt,62,300000,9976,,29397,,34398
data/rollernet/rollernet_extractEdges_293.txt,62,300000,9976,,29332,,34410
data/rollernet/rollernet_extractEdges_195.txt,62,200000,9976,,26206,,30176
data/rollernet/rollernet_extractEdges_209.txt,62,300000,9976,,29466,,34432
data/rollernet/rollernet_extractTimespan_55.txt,62,225375,4999,,35066,,41854
data/rollernet/rollernet_extractEdges_72.txt,62,100000,9975,,24519,,28512
data/rollernet/rollernet_extractTimespan_69.txt,62,226948,4999,,27158,,32345
data/rollernet/rollernet_extractEdges_267.txt,62,300000,9976,,29108,,33881
data/rollernet/rollernet_extractTimespan_89.txt,62,224815,4999,,27015,,32339
data/rollernet/rollernet_extractEdges_103.txt,62,200000,9976,,25895,,29969
data/rollernet/rollernet_extractTimespan_193.txt,62,355657,7999,,30966,,37580
data/rollernet/rollernet_extractTimespan_169.txt,62,355119,7999,,30804,,36850
data/rollernet/rollernet_extractEdges_13.txt,62,100000,9974,,24252,,28233
data/rollernet/rollernet_extractEdges_2.txt,62,100000,9974,,24918,,28854
data/rollernet/rollernet_extractTimespan_66.txt,62,235019,4999,,28421,,34093
data/rollernet/rollernet_extractEdges_289.txt,62,300000,9976,,29243,,34315
data/rollernet/rollernet_extractTimespan_119.txt,62,345883,7999,,30465,,36315
data/rollernet/rollernet_extractTimespan_88.txt,62,234474,4999,,30091,,36034
data/rollernet/rollernet_extractEdges_156.txt,62,200000,9976,,26158,,30330
data/rollernet/rollernet_extractTimespan_182.txt,62,354773,7999,,30688,,36669
data/rollernet/rollernet_extractEdges_139.txt,62,200000,9976,,26348,,30267
data/rollernet/rollernet_extractTimespan_36.txt,62,225085,4999,,27024,,32244
data/rollernet/rollernet_extractTimespan_127.txt,62,355166,7999,,31074,,37599
data/rollernet/rollernet_extractEdges_22.txt,62,100000,9976,,24302,,28390
data/rollernet/rollernet_extractEdges_45.txt,62,100000,9974,,24909,,29159
data/rollernet/rollernet_extractTimespan_179.txt,62,356857,7999,,30852,,36838
data/rollernet/rollernet_extractEdges_70.txt,62,100000,9976,,24243,,28227
data/rollernet/rollernet_extractEdges_279.txt,62,300000,9976,,29593,,34983
data/rollernet/rollernet_extractEdges_134.txt,62,200000,9976,,26240,,30417
data/rollernet/rollernet_extractEdges_62.txt,62,100000,9976,,24792,,28763
data/rollernet/rollernet_extractTimespan_111.txt,62,355204,7999,,30772,,36732
data/rollernet/rollernet_extractEdges_278.txt,62,300000,9976,,29239,,34859
data/rollernet/rollernet_extractTimespan_81.txt,62,234932,4999,,32999,,39484
data/rollernet/rollernet_extractEdges_259.txt,62,300000,9976,,29433,,34140
data/rollernet/rollernet_extractEdges_184.txt,62,200000,9976,,26345,,30710
data/rollernet/rollernet_extractEdges_94.txt,62,100000,9976,,24138,,28140
data/rollernet/rollernet_extractEdges_85.txt,62,100000,9974,,24910,,28941
data/rollernet/rollernet_extractTimespan_147.txt,62,354803,7999,,30563,,37460
data/rollernet/rollernet_extractEdges_24.txt,62,100000,9976,,24232,,27986
data/rollernet/rollernet_extractTimespan_150.txt,62,354898,7999,,30930,,36791
data/rollernet/rollernet_extractEdges_284.txt,62,300000,9976,,29075,,33870
data/rollernet/rollernet_extractEdges_155.txt,62,200000,9976,,26770,,30787
data/rollernet/rollernet_extractTimespan_110.txt,62,356528,7999,,30896,,37510
data/rollernet/rollernet_extractTimespan_198.txt,62,353994,7999,,30907,,37047
data/rollernet/rollernet_extractEdges_4.txt,62,100000,9976,,24590,,28638
data/rollernet/rollernet_extractEdges_296.txt,62,300000,9976,,29148,,34054
data/rollernet/rollernet_extractEdges_233.txt,62,300000,9976,,29485,,34325
data/rollernet/rollernet_extractEdges_244.txt,62,300000,9976,,29457,,34365
data/rollernet/rollernet_extractEdges_69.txt,62,100000,9976,,24246,,28223
data/rollernet/rollernet_extractTimespan_167.txt,62,354747,7999,,30836,,36821
data/rollernet/rollernet_extractEdges_19.txt,62,100000,9975,,23449,,27104
data/rollernet/rollernet_extractEdges_169.txt,62,200000,9976,,26059,,30190
data/rollernet/rollernet_extractTimespan_47.txt,62,228768,4999,,35024,,41774
data/rollernet/rollernet_extractEdges_215.txt,62,300000,9976,,29450,,34437
data/rollernet/rollernet_extractEdges_291.txt,62,300000,9976,,29573,,35151
data/rollernet/rollernet_extractTimespan_118.txt,62,354833,7999,,31175,,36570
data/rollernet/rollernet_extractEdges_153.txt,62,200000,9976,,26345,,30326
data/rollernet/rollernet_extractEdges_138.txt,62,200000,9976,,25960,,29955
data/rollernet/rollernet_extractEdges_223.txt,62,300000,9976,,29218,,34421
data/rollernet/rollernet_extractEdges_237.txt,62,300000,9976,,29202,,34156
data/rollernet/rollernet_extractEdges_230.txt,62,300000,9976,,29248,,34358
data/rollernet/rollernet_extractEdges_189.txt,62,200000,9976,,26694,,30812
data/rollernet/rollernet_extractTimespan_16.txt,62,220369,4999,,26928,,31988
data/rollernet/rollernet_extractTimespan_76.txt,62,237548,4999,,29439,,35338
data/rollernet/rollernet_extractTimespan_8.txt,62,234829,4999,,32010,,38251
data/rollernet/rollernet_extractEdges_40.txt,62,100000,9976,,24414,,28339
data/rollernet/rollernet_extractTimespan_151.txt,62,354062,7999,,30831,,36735
data/rollernet/rollernet_extractTimespan_71.txt,62,232424,4999,,27145,,32594
data/rollernet/rollernet_extractTimespan_11.txt,62,226373,4999,,27120,,32516
data/rollernet/rollernet_extractTimespan_97.txt,62,234105,4999,,30831,,36942
data/rollernet/rollernet_extractEdges_179.txt,62,200000,9976,,26516,,30652
data/rollernet/rollernet_extractEdges_272.txt,62,300000,9976,,29306,,34240
data/rollernet/rollernet_extractEdges_115.txt,62,200000,9976,,25899,,29871
data/rollernet/rollernet_extractEdges_224.txt,62,300000,9976,,29556,,34236
data/rollernet/rollernet_extractEdges_228.txt,62,300000,9976,,29342,,34291
data/rollernet/rollernet_extractTimespan_185.txt,62,344023,7999,,30419,,36313
data/rollernet/rollernet_extractEdges_299.txt,62,300000,9976,,29350,,34108
data/rollernet/rollernet_extractEdges_150.txt,62,200000,9976,,26177,,30255
data/rollernet/rollernet_extractTimespan_113.txt,62,355381,7999,,30696,,36699
data/rollernet/rollernet_extractTimespan_39.txt,62,234473,4999,,30242,,36397
data/rollernet/rollernet_extractTimespan_153.txt,62,354718,7999,,30728,,36720
data/rollernet/rollernet_extractTimespan_2.txt,62,232661,4999,,27497,,32889
data/rollernet/rollernet_extractTimespan_159.txt,62,354163,7999,,30841,,36913
data/rollernet/rollernet_extractTimespan_90.txt,62,216851,4999,,26664,,31923
data/rollernet/rollernet_extractEdges_159.txt,62,200000,9976,,26352,,30423
data/rollernet/rollernet_extractEdges_183.txt,62,200000,9976,,26350,,30731
data/rollernet/rollernet_extractEdges_219.txt,62,300000,9976,,28922,,34267
data/rollernet/rollernet_extractTimespan_34.txt,62,230351,4999,,27151,,32500
data/rollernet/rollernet_extractEdges_39.txt,62,100000,9976,,24220,,28292
data/rollernet/rollernet_extractEdges_87.txt,62,100000,9976,,24280,,28334
data/rollernet/rollernet_extractTimespan_141.txt,62,343314,7999,,30296,,36173
data/rollernet/rollernet_extractTimespan_46.txt,62,233037,4999,,27264,,32729
data/rollernet/rollernet_extractTimespan_106.txt,62,353957,7999,,30748,,37422
data/rollernet/rollernet_extractTimespan_95.txt,62,238090,4999,,29421,,35258
data/rollernet/rollernet_extractTimespan_172.txt,62,339885,7998,,30230,,36120
data/rollernet/rollernet_extractEdges_84.txt,62,100000,9976,,24636,,28693
data/rollernet/rollernet_extractEdges_20.txt,62,100000,9976,,23806,,27842
data/rollernet/rollernet_extractTimespan_99.txt,62,234365,4999,,30039,,35950
data/rollernet/rollernet_extractEdges_111.txt,62,200000,9976,,25937,,30218
data/rollernet/rollernet_extractEdges_172.txt,62,200000,9976,,25729,,29748
data/rollernet/rollernet_extractTimespan_125.txt,62,354782,7999,,30759,,36912
data/rollernet/rollernet_extractEdges_79.txt,62,100000,9974,,24657,,28580
data/rollernet/rollernet_extractEdges_168.txt,62,200000,9976,,25938,,30004
data/rollernet/rollernet_extractTimespan_87.txt,62,215561,4999,,26702,,32211
data/rollernet/rollernet_extractEdges_106.txt,62,200000,9976,,26106,,30020
data/rollernet/rollernet_extractEdges_123.txt,62,200000,9976,,26513,,31050
data/rollernet/rollernet_extractTimespan_197.txt,62,353999,7999,,30785,,36938
data/rollernet/rollernet_extractEdges_180.txt,62,200000,9976,,26091,,30118
data/rollernet/rollernet_extractTimespan_73.txt,62,215405,4999,,26727,,32248
data/rollernet/rollernet_extractEdges_200.txt,62,300000,9976,,29181,,34731
data/rollernet/rollernet_extractEdges_76.txt,62,100000,9976,,24260,,28098
data/rollernet/rollernet_extractEdges_95.txt,62,100000,9976,,24674,,28606
data/rollernet/rollernet_extractTimespan_112.txt,62,355491,7999,,30833,,36936
data/rollernet/rollernet_extractEdges_222.txt,62,300000,9976,,29329,,34194
data/rollernet/rollernet_extractEdges_188.txt,62,200000,9976,,26102,,30244
data/rollernet/rollernet_extractTimespan_84.txt,62,219853,4999,,26847,,32010
data/rollernet/rollernet_extractEdges_269.txt,62,300000,9976,,29107,,34045
data/rollernet/rollernet_extractEdges_91.txt,62,100000,9976,,24372,,28301
data/rollernet/rollernet_extractTimespan_31.txt,62,230362,4999,,33809,,40561
data/rollernet/rollernet_extractEdges_182.txt,62,200000,9976,,26311,,30522
data/rollernet/rollernet_extractEdges_271.txt,62,300000,9976,,29547,,34272
data/rollernet/rollernet_extractTimespan_13.txt,62,235047,4999,,32865,,39642
data/rollernet/rollernet_extractEdges_154.txt,62,200000,9976,,26165,,30298
data/rollernet/rollernet_extractTimespan_115.txt,62,345418,7999,,30425,,36552
data/rollernet/rollernet_extractEdges_21.txt,62,100000,9976,,24387,,28180
data/rollernet/rollernet_extractEdges_158.txt,62,200000,9976,,26240,,30184
data/rollernet/rollernet_extractTimespan_18.txt,62,232273,4999,,33433,,39962
data/rollernet/rollernet_extractEdges_196.txt,62,200000,9976,,26279,,30557
data/rollernet/rollernet_extractEdges_105.txt,62,200000,9976,,25856,,29938
data/rollernet/rollernet_extractEdges_157.txt,62,200000,9976,,26086,,30231
data/rollernet/rollernet_extractEdges_193.txt,62,200000,9976,,26269,,30903
data/rollernet/rollernet_extractEdges_283.txt,62,300000,9976,,29438,,34906
data/rollernet/rollernet_extractEdges_31.txt,62,100000,9975,,24496,,28544
data/rollernet/rollernet_extractTimespan_25.txt,62,233213,4999,,33789,,40212
data/rollernet/rollernet_extractEdges_218.txt,62,300000,9976,,29744,,34332
data/rollernet/rollernet_extractEdges_295.txt,62,300000,9976,,29179,,33978
data/rollernet/rollernet_extractEdges_199.txt,62,200000,9976,,26438,,30597
data/rollernet/rollernet_extractTimespan_100.txt,62,355575,7999,,30707,,36931
data/rollernet/rollernet_extractTimespan_1.txt,62,214672,4999,,26821,,32072
data/rollernet/rollernet_extractEdges_290.txt,62,300000,9976,,29323,,34314
data/rollernet/rollernet_extractEdges_253.txt,62,300000,9976,,29120,,34245
data/rollernet/rollernet_extractEdges_122.txt,62,200000,9976,,26026,,29972
data/rollernet/rollernet_extractEdges_204.txt,62,300000,9976,,29566,,34275
data/rollernet/rollernet_extractEdges_120.txt,62,200000,9976,,26396,,30531
data/rollernet/rollernet_extractEdges_86.txt,62,100000,9976,,23853,,27561
data/rollernet/rollernet_extractTimespan_192.txt,62,356863,7999,,30839,,36875
data/rollernet/rollernet_extractEdges_80.txt,62,100000,9976,,24558,,28531
data/rollernet/rollernet_extractTimespan_94.txt,62,232808,4999,,27877,,33607
data/rollernet/rollernet_extractEdges_287.txt,62,300000,9976,,29471,,34301
data/rollernet/rollernet_extractEdges_235.txt,62,300000,9976,,29364,,34152
data/rollernet/rollernet_extractTimespan_190.txt,62,354028,7999,,30866,,36952
data/rollernet/rollernet_extractEdges_213.txt,62,300000,9976,,29073,,34162
data/rollernet/rollernet_extractTimespan_102.txt,62,350310,7999,,30662,,36718
data/rollernet/rollernet_extractTimespan_103.txt,62,351272,7999,,30940,,36642
data/rollernet/rollernet_extractEdges_140.txt,62,200000,9976,,26426,,30420
data/rollernet/rollernet_extractEdges_113.txt,62,200000,9976,,26290,,30469
data/rollernet/rollernet_extractTimespan_74.txt,62,234509,4999,,29809,,35818
data/rollernet/rollernet_extractEdges_112.txt,62,200000,9976,,26459,,30600
data/rollernet/rollernet_extractTimespan_116.txt,62,355011,7999,,30842,,36835
data/rollernet/rollernet_extractEdges_108.txt,62,200000,9975,,26410,,30456
data/rollernet/rollernet_extractEdges_263.txt,62,300000,9976,,29390,,34547
data/rollernet/rollernet_extractEdges_249.txt,62,300000,9976,,29111,,34425
data/rollernet/rollernet_extractEdges_46.txt,62,100000,9976,,24570,,28582
data/rollernet/rollernet_extractEdges_97.txt,62,100000,9976,,24710,,28687
data/rollernet/rollernet_extractEdges_239.txt,62,300000,9976,,29107,,34180
data/rollernet/rollernet_extractTimespan_158.txt,62,352043,7999,,30627,,36684
data/rollernet/rollernet_extractEdges_257.txt,62,300000,9976,,29111,,33987
data/rollernet/rollernet_extractEdges_44.txt,62,100000,9974,,23984,,27795
data/rollernet/rollernet_extractTimespan_154.txt,62,337703,7992,,30183,,36055
data/rollernet/rollernet_extractEdges_109.txt,62,200000,9976,,25999,,30002
data/rollernet/rollernet_extractEdges_266.txt,62,300000,9976,,29387,,34315
data/rollernet/rollernet_extractTimespan_56.txt,62,217278,4999,,35044,,41922
data/rollernet/rollernet_extractEdges_210.txt,62,300000,9976,,29095,,33905
data/rollernet/rollernet_extractEdges_258.txt,62,300000,9976,,29758,,34694
data/rollernet/rollernet_extractEdges_98.txt,62,100000,9976,,24671,,28688
data/rollernet/rollernet_extractEdges_41.txt,62,100000,9976,,23714,,27484
data/rollernet/rollernet_extractEdges_55.txt,62,100000,9976,,24175,,28199
data/rollernet/rollernet_extractTimespan_157.txt,62,339178,7999,,30180,,36057
data/rollernet/rollernet_extractEdges_5.txt,62,100000,9973,,23806,,27842
data/rollernet/rollernet_extractEdges_33.txt,62,100000,9976,,24418,,28479
data/rollernet/rollernet_extractEdges_255.txt,62,300000,9976,,29522,,34426
data/rollernet/rollernet_extractEdges_275.txt,62,300000,9976,,29061,,33972
data/rollernet/rollernet_extractEdges_136.txt,62,200000,9976,,25886,,29936
data/rollernet/rollernet_extractEdges_176.txt,62,200000,9976,,26264,,30449
data/rollernet/rollernet_extractEdges_100.txt,62,200000,9976,,26544,,30854
data/rollernet/rollernet_extractTimespan_35.txt,62,234874,4999,,32591,,39046
data/rollernet/rollernet_extractEdges_282.txt,62,300000,9976,,29262,,34476
data/rollernet/rollernet_extractEdges_232.txt,62,300000,9976,,29230,,34352
data/rollernet/rollernet_extractTimespan_139.txt,62,338656,7999,,30275,,36082
data/rollernet/rollernet_extractTimespan_45.txt,62,229159,4999,,34679,,41385
data/rollernet/rollernet_extractEdges_1.txt,62,100000,9976,,24556,,28487
data/rollernet/rollernet_extractTimespan_180.txt,62,354877,7999,,30629,,36523
data/rollernet/rollernet_extractEdges_37.txt,62,100000,9976,,24402,,28413
data/rollernet/rollernet_extractEdges_101.txt,62,200000,9976,,25899,,29968
data/rollernet/rollernet_extractEdges_229.txt,62,300000,9976,,29176,,34426
data/rollernet/rollernet_extractTimespan_9.txt,62,235202,4999,,28342,,34223
data/rollernet/rollernet_extractEdges_26.txt,62,100000,9975,,24502,,28640
data/rollernet/rollernet_extractEdges_96.txt,62,100000,9976,,24854,,28992
data/rollernet/rollernet_extractEdges_127.txt,62,200000,9976,,26082,,30270
data/rollernet/rollernet_extractEdges_201.txt,62,300000,9976,,29472,,34107
data/rollernet/rollernet_extractEdges_166.txt,62,200000,9976,,26586,,30791
data/rollernet/rollernet_extractEdges_142.txt,62,200000,9976,,26832,,30809
data/rollernet/rollernet_extractEdges_119.txt,62,200000,9976,,26325,,30423
data/rollernet/rollernet_extractEdges_240.txt,62,300000,9976,,29512,,34345
data/rollernet/rollernet_extractEdges_250.txt,62,300000,9976,,29290,,34337
data/rollernet/rollernet_extractEdges_3.txt,62,100000,9976,,24105,,28089
data/rollernet/rollernet_extractTimespan_144.txt,62,355775,7999,,30759,,36881
data/rollernet/rollernet_extractTimespan_117.txt,62,354364,7999,,30800,,36702
data/rollernet/rollernet_extractEdges_234.txt,62,300000,9976,,29073,,34148
data/rollernet/rollernet_extractEdges_116.txt,62,200000,9976,,26621,,30570
data/rollernet/rollernet_extractEdges_265.txt,62,300000,9976,,29309,,34224
data/rollernet/rollernet_extractEdges_77.txt,62,100000,9976,,23542,,27280
data/rollernet/rollernet_extractTimespan_27.txt,62,235753,4999,,28663,,34804
data/rollernet/rollernet_extractEdges_149.txt,62,200000,9976,,26051,,30274
data/rollernet/rollernet_extractEdges_194.txt,62,200000,9976,,26614,,31002
data/rollernet/rollernet_extractEdges_110.txt,62,200000,9976,,26321,,30509
data/rollernet/rollernet_extractTimespan_32.txt,62,231419,4999,,33752,,40351
data/rollernet/rollernet_extractTimespan_199.txt,62,353954,7999,,30865,,36865
data/rollernet/rollernet_extractTimespan_20.txt,62,235382,4999,,29703,,35640
data/rollernet/rollernet_extractEdges_64.txt,62,100000,9976,,24037,,27908
data/rollernet/rollernet_extractEdges_10.txt,62,100000,9976,,24008,,27977
data/rollernet/rollernet_extractTimespan_152.txt,62,348192,7999,,30717,,36413
data/rollernet/rollernet_extractTimespan_156.txt,62,355166,7999,,31565,,37462
data/rollernet/rollernet_extractTimespan_108.txt,62,354421,7999,,30802,,36876
data/rollernet/rollernet_extractTimespan_170.txt,62,354899,7999,,30665,,36759
data/rollernet/rollernet_extractTimespan_79.txt,62,226581,4999,,27195,,32486
data/rollernet/rollernet_extractEdges_135.txt,62,200000,9976,,26310,,30499
data/rollernet/rollernet_extractEdges_261.txt,62,300000,9976,,29388,,34290
data/rollernet/rollernet_extractEdges_14.txt,62,100000,9976,,24097,,27978
data/rollernet/rollernet_extractEdges_297.txt,62,300000,9976,,29353,,34254
data/rollernet/rollernet_extractTimespan_5.txt,62,231901,4999,,27267,,32750
data/rollernet/rollernet_extractTimespan_43.txt,62,223788,4999,,27032,,32253
data/rollernet/rollernet_extractTimespan_21.txt,62,223698,4999,,35110,,41736
data/rollernet/rollernet_extractEdges_78.txt,62,100000,9973,,24086,,27716
data/rollernet/rollernet_extractEdges_83.txt,62,100000,9976,,24101,,28038
data/rollernet/rollernet_extractEdges_147.txt,62,200000,9976,,26287,,30462
data/rollernet/rollernet_extractEdges_298.txt,62,300000,9976,,29184,,34052
data/rollernet/rollernet_extractTimespan_42.txt,62,217822,4999,,26772,,31901
data/rollernet/rollernet_extractEdges_190.txt,62,200000,9976,,26189,,30208
data/rollernet/rollernet_extractEdges_264.txt,62,300000,9976,,29559,,34230
data/rollernet/rollernet_extractEdges_102.txt,62,200000,9976,,26195,,30175
data/rollernet/rollernet_extractEdges_65.txt,62,100000,9976,,24645,,28423
data/rollernet/rollernet_extractTimespan_64.txt,62,232457,4999,,27873,,33091
data/rollernet/rollernet_extractEdges_220.txt,62,300000,9976,,29349,,34407
data/rollernet/rollernet_extractTimespan_4.txt,62,211587,4999,,28601,,33965
data/rollernet/rollernet_extractTimespan_126.txt,62,354653,7999,,30848,,36718
data/rollernet/rollernet_extractEdges_144.txt,62,200000,9976,,26101,,30269
data/rollernet/rollernet_extractTimespan_166.txt,62,354173,7999,,30767,,36833
data/rollernet/rollernet_extractTimespan_62.txt,62,236162,4999,,28709,,34445
data/rollernet/rollernet_extractTimespan_140.txt,62,351593,7999,,30695,,36705
data/rollernet/rollernet_extractTimespan_161.txt,62,356687,7999,,30823,,36760
data/rollernet/rollernet_extractEdges_59.txt,62,100000,9976,,24265,,28172
data/rollernet/rollernet_extractEdges_285.txt,62,300000,9976,,29422,,34825
data/rollernet/rollernet_extractEdges_114.txt,62,200000,9976,,26539,,30431
data/rollernet/rollernet_extractEdges_280.txt,62,300000,9976,,29419,,34580
data/rollernet/rollernet_extractTimespan_7.txt,62,228251,4999,,27106,,32579
data/rollernet/rollernet_extractTimespan_77.txt,62,231727,4999,,33453,,40062
data/rollernet/rollernet_extractTimespan_142.txt,62,335369,7999,,30283,,36012
data/rollernet/rollernet_extractEdges_126.txt,62,200000,9976,,26231,,30520
data/rollernet/rollernet_extractTimespan_129.txt,62,351055,7999,,30725,,36677
data/rollernet/rollernet_extractTimespan_40.txt,62,221636,4999,,26800,,31930
data/rollernet/rollernet_extractEdges_92.txt,62,100000,9976,,24265,,28131
data/rollernet/rollernet_extractTimespan_3.txt,62,228249,4999,,27205,,32332
data/rollernet/rollernet_extractEdges_146.txt,62,200000,9976,,26421,,30449
data/rollernet/rollernet_extractTimespan_191.txt,62,354755,7999,,30823,,36627
data/rollernet/rollernet_extractEdges_274.txt,62,300000,9976,,29406,,34786
data/rollernet/rollernet_extractEdges_227.txt,62,300000,9976,,29560,,34631
data/rollernet/rollernet_extractEdges_82.txt,62,100000,9976,,23986,,27750
data/rollernet/rollernet_extractTimespan_196.txt,62,334340,7994,,29998,,35987
data/rollernet/rollernet_extractEdges_89.txt,62,100000,9976,,24458,,28461
data/rollernet/rollernet_extractEdges_137.txt,62,200000,9976,,26156,,30360
data/rollernet/rollernet_extractEdges_9.txt,62,100000,9976,,23833,,27560
data/rollernet/rollernet_extractEdges_75.txt,62,100000,9975,,24502,,28407
data/rollernet/rollernet_extractTimespan_187.txt,62,353719,7999,,30922,,36798
data/rollernet/rollernet_extractEdges_241.txt,62,300000,9976,,29178,,34065
data/rollernet/rollernet_extractTimespan_12.txt,62,211398,4999,,28601,,34021
data/rollernet/rollernet_extractTimespan_132.txt,62,351109,7999,,30669,,36571
data/rollernet/rollernet_extractEdges_260.txt,62,300000,9976,,29333,,34106
data/rollernet/rollernet_extractEdges_43.txt,62,100000,9976,,24168,,27948
data/rollernet/rollernet_extractTimespan_168.txt,62,354769,7999,,30682,,36969
data/rollernet/rollernet_extractTimespan_14.txt,62,230210,4999,,33956,,40678
data/rollernet/rollernet_extractTimespan_80.txt,62,231715,4999,,33519,,40072
data/rollernet/rollernet_extractEdges_99.txt,62,100000,9976,,23641,,27551
data/rollernet/rollernet_extractTimespan_107.txt,62,355025,7999,,30820,,36754
data/rollernet/rollernet_extractEdges_254.txt,62,300000,9976,,29205,,34045
data/rollernet/rollernet_extractTimespan_41.txt,62,215844,4999,,26737,,32054
data/rollernet/rollernet_extractEdges_177.txt,62,200000,9976,,26261,,30547
data/rollernet/rollernet_extractEdges_171.txt,62,200000,9976,,26335,,30196
data/rollernet/rollernet_extractEdges_248.txt,62,300000,9976,,29294,,34167
data/rollernet/rollernet_extractEdges_208.txt,62,300000,9976,,29383,,34243
data/rollernet/rollernet_extractEdges_74.txt,62,100000,9976,,24568,,28525
data/rollernet/rollernet_extractEdges_286.txt,62,300000,9976,,29170,,34057
data/rollernet/rollernet_extractTimespan_91.txt,62,214721,4999,,26908,,32086
data/rollernet/rollernet_extractEdges_292.txt,62,300000,9976,,29306,,34254
data/rollernet/rollernet_extractEdges_11.txt,62,100000,9976,,24054,,27957
data/rollernet/rollernet_extractTimespan_92.txt,62,223553,4999,,27036,,32196
data/rollernet/rollernet_extractEdges_161.txt,62,200000,9976,,26093,,30447
data/rollernet/rollernet_extractTimespan_134.txt,62,356525,7999,,30958,,36708
data/rollernet/rollernet.txt,62,403834,9976,,32786,,38987
data/rollernet/rollernet_extractEdges_49.txt,62,100000,9976,,23764,,27658
data/rollernet/rollernet_extractTimespan_63.txt,62,234793,4999,,32609,,38935
data/rollernet/rollernet_extractTimespan_83.txt,62,230561,4999,,33745,,40359
data/rollernet/rollernet_extractEdges_81.txt,62,100000,9976,,24503,,28373
data/rollernet/rollernet_extractEdges_238.txt,62,300000,9976,,29204,,33995
data/rollernet/rollernet_extractTimespan_174.txt,62,355141,7999,,30674,,36632
data/rollernet/rollernet_extractEdges_52.txt,62,100000,9976,,24337,,28389
data/rollernet/rollernet_extractTimespan_19.txt,62,210079,4999,,28652,,34054
data/rollernet/rollernet_extractEdges_68.txt,62,100000,9976,,24622,,28710
data/rollernet/rollernet_extractEdges_270.txt,62,300000,9976,,29397,,34470
data/rollernet/rollernet_extractEdges_152.txt,62,200000,9976,,26212,,30486
data/rollernet/rollernet_extractEdges_34.txt,62,100000,9976,,23735,,27674
data/rollernet/rollernet_extractTimespan_68.txt,62,215605,4999,,26835,,32183
data/rollernet/rollernet_extractEdges_288.txt,62,300000,9976,,29118,,34103
data/rollernet/rollernet_extractEdges_133.txt,62,200000,9976,,26177,,30518
data/rollernet/rollernet_extractTimespan_38.txt,62,232852,4999,,27239,,32666
data/rollernet/rollernet_extractTimespan_131.txt,62,355027,7999,,31035,,36970
data/rollernet/rollernet_extractEdges_124.txt,62,200000,9976,,26370,,30427
data/rollernet/rollernet_extractTimespan_72.txt,62,235207,4999,,28420,,34249
data/rollernet/rollernet_extractEdges_205.txt,62,300000,9976,,29524,,34234
data/rollernet/rollernet_extractTimespan_60.txt,62,231951,4999,,33390,,40018
data/rollernet/rollernet_extractTimespan_30.txt,62,236069,4999,,28706,,34657
data/rollernet/rollernet_extractEdges_7.txt,62,100000,9976,,24781,,28822
data/rollernet/rollernet_extractEdges_217.txt,62,300000,9976,,29145,,34045
data/rollernet/rollernet_extractEdges_187.txt,62,200000,9976,,26268,,30365
data/rollernet/rollernet_extractEdges_181.txt,62,200000,9976,,26578,,30498
data/rollernet/rollernet_extractEdges_243.txt,62,300000,9976,,29379,,34181
data/rollernet/rollernet_extractTimespan_57.txt,62,199701,4999,,34760,,41518
data/rollernet/rollernet_extractTimespan_75.txt,62,219960,4999,,26872,,32415
data/rollernet/rollernet_extractEdges_57.txt,62,100000,9974,,24839,,29041
data/rollernet/rollernet_extractEdges_246.txt,62,300000,9976,,29499,,34549
data/rollernet/rollernet_extractTimespan_51.txt,62,233351,4999,,28050,,33635
data/rollernet/rollernet_extractEdges_61.txt,62,100000,9976,,23949,,27889
data/rollernet/rollernet_extractEdges_226.txt,62,300000,9976,,29047,,34506
data/rollernet/rollernet_extractTimespan_188.txt,62,351077,7999,,30698,,36920
data/rollernet/rollernet_extractEdges_273.txt,62,300000,9976,,29042,,34040
data/rollernet/rollernet_extractEdges_63.txt,62,100000,9976,,23738,,27489
data/rollernet/rollernet_extractEdges_53.txt,62,100000,9976,,24418,,28469
data/rollernet/rollernet_extractTimespan_138.txt,62,353998,7999,,30841,,36796
data/rollernet/rollernet_extractEdges_141.txt,62,200000,9976,,26120,,30288
data/rollernet/rollernet_extractTimespan_28.txt,62,237256,4999,,29452,,35304
data/rollernet/rollernet_extractTimespan_59.txt,62,233928,4999,,30725,,36581
data/rollernet/rollernet_extractTimespan_78.txt,62,233168,4999,,27337,,33141
data/rollernet/rollernet_extractTimespan_149.txt,62,354080,7999,,31005,,36868
data/rollernet/rollernet_extractEdges_252.txt,62,300000,9976,,29504,,34484
data/rollernet/rollernet_extractEdges_104.txt,62,200000,9976,,26592,,30824
data/rollernet/rollernet_extractTimespan_37.txt,62,233993,4999,,30654,,36709
data/rollernet/rollernet_extractEdges_256.txt,62,300000,9976,,29029,,33976
data/rollernet/rollernet_extractEdges_25.txt,62,100000,9976,,24210,,28125
data/rollernet/rollernet_extractEdges_198.txt,62,200000,9976,,26416,,30692
data/rollernet/rollernet_extractEdges_17.txt,62,100000,9976,,24573,,28668
data/rollernet/rollernet_extractEdges_32.txt,62,100000,9976,,24058,,28078
data/rollernet/rollernet_extractEdges_236.txt,62,300000,9976,,29184,,34568
data/rollernet/rollernet_extractEdges_174.txt,62,200000,9976,,26405,,30624
data/rollernet/rollernet_extractTimespan_123.txt,62,349394,7999,,30512,,36630
data/rollernet/rollernet_extractTimespan_53.txt,62,229983,4999,,34335,,41002
data/rollernet/rollernet_extractTimespan_181.txt,62,355099,7999,,30993,,36792
data/rollernet/rollernet_extractTimespan_15.txt,62,232917,4999,,27806,,33424
data/rollernet/rollernet_extractTimespan_128.txt,62,356273,7999,,30701,,36847
data/rollernet/rollernet_extractEdges_211.txt,62,300000,9976,,29303,,34139
data/rollernet/rollernet_extractEdges_247.txt,62,300000,9976,,29344,,34483
data/timeprogression/generatedLinkStream_15.txt,50,10000,75000,,,,7375
data/timeprogression/generatedLinkStream_51.txt,50,10000,255000,,,,8686
data/timeprogression/generatedLinkStream_88.txt,50,10000,440000,,,,11033
data/timeprogression/generatedLinkStream_38.txt,50,10000,190000,,,,7670
data/timeprogression/generatedLinkStream_76.txt,50,10000,380000,,,,10025
data/timeprogression/generatedLinkStream_105.txt,50,10000,525000,,,,12144
data/timeprogression/generatedLinkStream_74.txt,50,10000,370000,,,,8987
data/timeprogression/generatedLinkStream_5.txt,50,10000,25000,,,,6671
data/timeprogression/generatedLinkStream_110.txt,50,10000,550000,,,,12933
data/timeprogression/generatedLinkStream_117.txt,50,10000,585000,,,,17747
data/timeprogression/generatedLinkStream_70.txt,50,10000,350000,,,,8175
data/timeprogression/generatedLinkStream_43.txt,50,10000,215000,,,,7799
data/timeprogression/generatedLinkStream_112.txt,50,10000,560000,,,,11160
data/timeprogression/generatedLinkStream_81.txt,50,10000,405000,,,,8358
data/timeprogression/generatedLinkStream_102.txt,50,10000,510000,,,,12326
data/timeprogression/generatedLinkStream_108.txt,50,10000,540000,,,,10489
data/timeprogression/generatedLinkStream_17.txt,50,10000,85000,,,,6888
data/timeprogression/generatedLinkStream_19.txt,50,10000,95000,,,,7165
data/timeprogression/generatedLinkStream_80.txt,50,10000,400000,,,,9202
data/timeprogression/generatedLinkStream_71.txt,50,10000,355000,,,,8433
data/timeprogression/generatedLinkStream_50.txt,50,10000,250000,,,,7737
data/timeprogression/generatedLinkStream_82.txt,50,10000,410000,,,,9006
data/timeprogression/generatedLinkStream_31.txt,50,10000,155000,,,,7499
data/timeprogression/generatedLinkStream_111.txt,50,10000,555000,,,,11293
data/timeprogression/generatedLinkStream_115.txt,50,10000,575000,,,,12312
data/timeprogression/generatedLinkStream_36.txt,50,10000,180000,,,,7401
data/timeprogression/generatedLinkStream_55.txt,50,10000,275000,,,,8644
data/timeprogression/generatedLinkStream_12.txt,50,10000,60000,,,,6895
data/timeprogression/generatedLinkStream_25.txt,50,10000,125000,,,,7188
data/timeprogression/generatedLinkStream_91.txt,50,10000,455000,,,,8836
data/timeprogression/generatedLinkStream_85.txt,50,10000,425000,,,,8630
data/timeprogression/generatedLinkStream_106.txt,50,10000,530000,,,,11622
data/timeprogression/generatedLinkStream_69.txt,50,10000,345000,,,,8098
data/timeprogression/generatedLinkStream_97.txt,50,10000,485000,,,,10526
data/timeprogression/generatedLinkStream_46.txt,50,10000,230000,,,,7552
data/timeprogression/generatedLinkStream_67.txt,50,10000,335000,,,,8762
data/timeprogression/generatedLinkStream_21.txt,50,10000,105000,,,,7599
data/timeprogression/generatedLinkStream_37.txt,50,10000,185000,,,,7360
data/timeprogression/generatedLinkStream_49.txt,50,10000,245000,,,,8548
data/timeprogression/generatedLinkStream_3.txt,50,10000,15000,,,,6647
data/timeprogression/generatedLinkStream_35.txt,50,10000,175000,,,,7473
data/timeprogression/generatedLinkStream_94.txt,50,10000,470000,,,,8927
data/timeprogression/generatedLinkStream_1.txt,50,10000,5000,,,,6631
data/timeprogression/generatedLinkStream_11.txt,50,10000,55000,,,,6965
data/timeprogression/generatedLinkStream_18.txt,50,10000,90000,,,,6924
data/timeprogression/generatedLinkStream_73.txt,50,10000,365000,,,,9254
data/timeprogression/generatedLinkStream_84.txt,50,10000,420000,,,,8756
data/timeprogression/generatedLinkStream_8.txt,50,10000,40000,,,,6968
data/timeprogression/generatedLinkStream_20.txt,50,10000,100000,,,,6924
data/timeprogression/generatedLinkStream_24.txt,50,10000,120000,,,,7070
data/timeprogression/generatedLinkStream_79.txt,50,10000,395000,,,,9427
data/timeprogression/generatedLinkStream_47.txt,50,10000,235000,,,,7890
data/timeprogression/generatedLinkStream_103.txt,50,10000,515000,,,,10956
data/timeprogression/generatedLinkStream_41.txt,50,10000,205000,,,,7520
data/timeprogression/generatedLinkStream_100.txt,50,10000,500000,,,,10999
data/timeprogression/generatedLinkStream_58.txt,50,10000,290000,,,,7792
data/timeprogression/generatedLinkStream_92.txt,50,10000,460000,,,,10604
data/timeprogression/generatedLinkStream_93.txt,50,10000,465000,,,,10182
data/timeprogression/generatedLinkStream_28.txt,50,10000,140000,,,,7188
data/timeprogression/generatedLinkStream_95.txt,50,10000,475000,,,,9804
data/timeprogression/generatedLinkStream_75.txt,50,10000,375000,,,,8636
data/timeprogression/generatedLinkStream_90.txt,50,10000,450000,,,,8812
data/timeprogression/generatedLinkStream_10.txt,50,10000,50000,,,,7013
data/timeprogression/generatedLinkStream_42.txt,50,10000,210000,,,,7626
data/timeprogression/generatedLinkStream_26.txt,50,10000,130000,,,,7136
data/timeprogression/generatedLinkStream_2.txt,50,10000,10000,,,,6617
data/timeprogression/generatedLinkStream_116.txt,50,10000,580000,,,,14008
data/timeprogression/generatedLinkStream_109.txt,50,10000,545000,,,,12205
data/timeprogression/generatedLinkStream_34.txt,50,10000,170000,,,,7206
data/timeprogression/generatedLinkStream_27.txt,50,10000,135000,,,,7337
data/timeprogression/generatedLinkStream_62.txt,50,10000,310000,,,,8463
data/timeprogression/generatedLinkStream_68.txt,50,10000,340000,,,,8553
data/timeprogression/generatedLinkStream_9.txt,50,10000,45000,,,,6938
data/timeprogression/generatedLinkStream_60.txt,50,10000,300000,,,,8161
data/timeprogression/generatedLinkStream_72.txt,50,10000,360000,,,,8715
data/timeprogression/generatedLinkStream_107.txt,50,10000,535000,,,,10708
data/timeprogression/generatedLinkStream_65.txt,50,10000,325000,,,,7930
data/timeprogression/generatedLinkStream_59.txt,50,10000,295000,,,,8325
data/timeprogression/generatedLinkStream_114.txt,50,10000,570000,,,,12590
data/timeprogression/generatedLinkStream_89.txt,50,10000,445000,,,,9943
data/timeprogression/generatedLinkStream_77.txt,50,10000,385000,,,,8373
data/timeprogression/generatedLinkStream_56.txt,50,10000,280000,,,,8030
data/timeprogression/generatedLinkStream_23.txt,50,10000,115000,,,,7274
data/timeprogression/generatedLinkStream_14.txt,50,10000,70000,,,,7208
data/timeprogression/generatedLinkStream_83.txt,50,10000,415000,,,,9857
data/timeprogression/generatedLinkStream_96.txt,50,10000,480000,,,,10395
data/timeprogression/generatedLinkStream_57.txt,50,10000,285000,,,,7833
data/timeprogression/generatedLinkStream_32.txt,50,10000,160000,,,,7405
data/timeprogression/generatedLinkStream_39.txt,50,10000,195000,,,,7688
data/timeprogression/generatedLinkStream_78.txt,50,10000,390000,,,,9011
data/timeprogression/generatedLinkStream_52.txt,50,10000,260000,,,,8247
data/timeprogression/generatedLinkStream_53.txt,50,10000,265000,,,,8618
data/timeprogression/generatedLinkStream_86.txt,50,10000,430000,,,,9116
data/timeprogression/generatedLinkStream_7.txt,50,10000,35000,,,,7009
data/timeprogression/generatedLinkStream_45.txt,50,10000,225000,,,,7630
data/timeprogression/generatedLinkStream_113.txt,50,10000,565000,,,,11242
data/timeprogression/generatedLinkStream_104.txt,50,10000,520000,,,,11231
data/timeprogression/generatedLinkStream_13.txt,50,10000,65000,,,,6929
data/timeprogression/generatedLinkStream_30.txt,50,10000,150000,,,,7271
data/timeprogression/generatedLinkStream_22.txt,50,10000,110000,,,,7074
data/timeprogression/generatedLinkStream_101.txt,50,10000,505000,,,,10716
data/timeprogression/generatedLinkStream_4.txt,50,10000,20000,,,,6718
data/timeprogression/generatedLinkStream_16.txt,50,10000,80000,,,,6888
data/timeprogression/generatedLinkStream_54.txt,50,10000,270000,,,,7837
data/timeprogression/generatedLinkStream_6.txt,50,10000,30000,,,,6863
data/timeprogression/generatedLinkStream_66.txt,50,10000,330000,,,,8555
data/timeprogression/generatedLinkStream_99.txt,50,10000,495000,,,,10764
data/timeprogression/generatedLinkStream_29.txt,50,10000,145000,,,,7214
data/timeprogression/generatedLinkStream_64.txt,50,10000,320000,,,,9181
data/timeprogression/generatedLinkStream_48.txt,50,10000,240000,,,,8073
data/timeprogression/generatedLinkStream_98.txt,50,10000,490000,,,,10942
data/timeprogression/generatedLinkStream_44.txt,50,10000,220000,,,,7450
data/timeprogression/generatedLinkStream_87.txt,50,10000,435000,,,,10714
data/timeprogression/generatedLinkStream_40.txt,50,10000,200000,,,,7378
data/timeprogression/generatedLinkStream_33.txt,50,10000,165000,,,,7418
data/timeprogression/generatedLinkStream_63.txt,50,10000,315000,,,,8401
data/timeprogression/generatedLinkStream_61.txt,50,10000,305000,,,,8686
data/lesfurets/lesfurets_extractTimespan_169.txt,63,403,10433,,,,15184
data/lesfurets/lesfurets_extractTimespan_159.txt,75,466,10595,,,,41237
data/lesfurets/lesfurets_extractTimespan_178.txt,63,405,10447,,,,17391
data/lesfurets/lesfurets_extractTimespan_84.txt,54,339,8080,,,,7602
data/lesfurets/lesfurets_extractTimespan_45.txt,36,169,9339,,,,656
data/lesfurets/lesfurets_extractTimespan_80.txt,29,72,9899,,,,145
data/lesfurets/lesfurets_extractTimespan_52.txt,31,82,8309,,,,246
data/lesfurets/lesfurets_extractTimespan_173.txt,87,617,10799,,,,98858
data/lesfurets/lesfurets_extractTimespan_23.txt,75,466,8467,,,,34483
data/lesfurets/lesfurets_extractTimespan_78.txt,104,854,8854,,,,237822
data/lesfurets/lesfurets_extractTimespan_44.txt,33,106,8766,,,,325
data/lesfurets/lesfurets_extractTimespan_86.txt,31,79,7942,,,,210
data/lesfurets/lesfurets_extractTimespan_87.txt,31,79,7942,,,,210
data/lesfurets/lesfurets_extractTimespan_93.txt,29,67,7157,,,,128
data/lesfurets/lesfurets_extractTimespan_117.txt,77,508,10646,,,,50451
data/lesfurets/lesfurets_extractTimespan_14.txt,34,138,9007,,,,389
data/lesfurets/lesfurets_extractTimespan_39.txt,35,155,9188,,,,445
data/lesfurets/lesfurets_extractTimespan_40.txt,135,1110,9009,,,,887843
data/lesfurets/lesfurets_extractTimespan_180.txt,77,480,10610,,,,40940
data/lesfurets/lesfurets_extractTimespan_163.txt,122,986,11066,,,,516076
data/lesfurets/lesfurets_extractTimespan_99.txt,46,248,9839,,,,2643
data/lesfurets/lesfurets_extractTimespan_69.txt,128,1047,8973,,,,668529
data/lesfurets/lesfurets_extractTimespan_3.txt,32,92,8459,,,,254
data/lesfurets/lesfurets_extractTimespan_22.txt,148,1278,9068,,,,1469407
data/lesfurets/lesfurets_extractTimespan_101.txt,172,1524,11274,,,,3323376
data/lesfurets/lesfurets_extractTimespan_147.txt,63,399,10423,,,,15232
data/lesfurets/lesfurets_extractTimespan_73.txt,33,110,8812,,,,312
data/lesfurets/lesfurets_extractTimespan_31.txt,29,71,9827,,,,145
data/lesfurets/lesfurets_extractTimespan_71.txt,32,93,8578,,,,257
data/lesfurets/lesfurets_extractTimespan_33.txt,36,162,9271,,,,542
data/lesfurets/lesfurets_extractTimespan_142.txt,69,443,10570,,,,23826
data/lesfurets/lesfurets_extractVertices_70.txt,84,182,6225,,,,13434
data/lesfurets/lesfurets_extractTimespan_36.txt,34,138,9007,,,,387
data/lesfurets/lesfurets_extractTimespan_198.txt,64,408,10453,,,,16547
data/lesfurets/lesfurets_extractTimespan_9.txt,56,346,8151,,,,8015
data/lesfurets/lesfurets_extractTimespan_90.txt,39,191,9587,,,,1009
data/lesfurets/lesfurets_extractTimespan_48.txt,44,227,9714,,,,2038
data/lesfurets/lesfurets_extractTimespan_125.txt,111,886,11006,,,,313137
data/lesfurets/lesfurets_extractTimespan_120.txt,116,939,11034,,,,400236
data/lesfurets/lesfurets_extractTimespan_66.txt,44,227,9714,,,,2049
data/lesfurets/lesfurets_extractTimespan_91.txt,29,67,7157,,,,136
data/lesfurets/lesfurets_extractTimespan_68.txt,31,79,7942,,,,222
data/lesfurets/lesfurets_extractTimespan_108.txt,94,750,10893,,,,137254
data/lesfurets/lesfurets_extractTimespan_65.txt,33,106,8766,,,,319
data/lesfurets/lesfurets_extractVertices_52.txt,162,676,6223,,,,605140
data/lesfurets/lesfurets_extractTimespan_111.txt,146,1254,11189,,,,1360606
data/lesfurets/lesfurets_extractTimespan_103.txt,133,1093,11124,,,,822796
data/lesfurets/lesfurets_extractTimespan_57.txt,32,89,8380,,,,254
data/lesfurets/lesfurets_extractTimespan_190.txt,86,590,10773,,,,75792
data/lesfurets/lesfurets_extractTimespan_128.txt,66,430,10524,,,,19637
data/lesfurets/lesfurets_extractTimespan_118.txt,63,399,10423,,,,15313
data/lesfurets/lesfurets_extractTimespan_24.txt,31,79,7942,,,,220
data/lesfurets/lesfurets_extractTimespan_149.txt,81,559,10726,,,,57504
data/lesfurets/lesfurets_extractTimespan_26.txt,34,143,9117,,,,402
data/lesfurets/lesfurets_extractTimespan_114.txt,86,585,10769,,,,75948
data/lesfurets/lesfurets_extractTimespan_81.txt,32,89,8380,,,,254
data/lesfurets/lesfurets_extractTimespan_95.txt,31,79,7942,,,,218
data/lesfurets/lesfurets_extractTimespan_6.txt,119,959,8919,,,,454567
data/lesfurets/lesfurets_extractTimespan_168.txt,56,352,12955,,,,8216
data/lesfurets/lesfurets_extractTimespan_63.txt,43,216,9683,,,,1748
data/lesfurets/lesfurets_extractTimespan_186.txt,76,471,10603,,,,37588
data/lesfurets/lesfurets_extractTimespan_28.txt,38,176,9387,,,,792
data/lesfurets/lesfurets_extractTimespan_161.txt,77,486,10617,,,,41553
data/lesfurets/lesfurets_extractTimespan_96.txt,44,232,9739,,,,2165
data/lesfurets/lesfurets_extractTimespan_162.txt,112,896,11012,,,,327025
data/lesfurets/lesfurets_extractTimespan_188.txt,66,434,10546,,,,19745
data/lesfurets/lesfurets_extractTimespan_25.txt,63,402,8304,,,,15223
data/lesfurets/lesfurets_extractTimespan_152.txt,59,374,10373,,,,10685
data/lesfurets/lesfurets_extractTimespan_29.txt,38,181,9529,,,,835
data/lesfurets/lesfurets_extractTimespan_172.txt,94,746,10885,,,,136049
data/lesfurets/lesfurets_extractTimespan_154.txt,136,1116,11140,,,,916622
data/lesfurets/lesfurets_extractTimespan_41.txt,38,186,9556,,,,888
data/lesfurets/lesfurets_extractTimespan_109.txt,66,437,10547,,,,19830
data/lesfurets/lesfurets_extractTimespan_116.txt,92,694,10836,,,,115054
data/lesfurets/lesfurets_extractTimespan_27.txt,35,152,9147,,,,448
data/lesfurets/lesfurets_extractTimespan_67.txt,32,97,8714,,,,247
data/lesfurets/lesfurets_extractTimespan_94.txt,38,176,9387,,,,792
data/lesfurets/lesfurets_extractTimespan_20.txt,31,79,7942,,,,213
data/lesfurets/lesfurets_extractTimespan_157.txt,96,770,10912,,,,152832
data/lesfurets/lesfurets_extractTimespan_12.txt,32,89,8380,,,,246
data/lesfurets/lesfurets_extractTimespan_55.txt,31,79,7942,,,,214
data/lesfurets/lesfurets_extractTimespan_0.txt,33,110,8812,,,,311
data/lesfurets/lesfurets_extractTimespan_105.txt,144,1214,11176,,,,1244842
data/lesfurets/lesfurets_extractTimespan_107.txt,73,458,10589,,,,30814
data/lesfurets/lesfurets_extractVertices_26.txt,49,86,6417,,,,915
data/lesfurets/lesfurets_extractTimespan_199.txt,70,447,10581,,,,25338
data/lesfurets/lesfurets_extractTimespan_60.txt,32,92,8459,,,,248
data/lesfurets/lesfurets_extractTimespan_171.txt,79,529,10694,,,,49206
data/lesfurets/lesfurets_extractTimespan_119.txt,56,357,12993,,,,8445
data/lesfurets/lesfurets_extractTimespan_130.txt,154,1330,11221,,,,1796440
data/lesfurets/lesfurets_extractTimespan_64.txt,29,67,7157,,,,132
data/lesfurets/lesfurets_extractTimespan_30.txt,120,972,8923,,,,477592
data/lesfurets/lesfurets_extractTimespan_89.txt,128,1043,8972,,,,663910
data/lesfurets/lesfurets_extractTimespan_2.txt,41,208,9635,,,,1395
data/lesfurets/lesfurets_extractTimespan_17.txt,38,178,9456,,,,795
data/lesfurets/lesfurets_extractTimespan_32.txt,57,356,8211,,,,8976
data/lesfurets/lesfurets_extractTimespan_77.txt,31,79,7942,,,,218
data/lesfurets/lesfurets_extractTimespan_150.txt,186,1679,11329,,,,5168862
data/lesfurets/lesfurets_extractTimespan_106.txt,83,573,10747,,,,64567
data/lesfurets/lesfurets_extractTimespan_13.txt,51,315,7996,,,,4982
data/lesfurets/lesfurets_extractTimespan_126.txt,134,1102,11132,,,,854372
data/lesfurets/lesfurets_extractTimespan_72.txt,174,1562,9160,,,,3586261
data/lesfurets/lesfurets_extractTimespan_61.txt,34,138,9007,,,,391
data/lesfurets/lesfurets_extractTimespan_136.txt,66,434,10546,,,,19755
data/lesfurets/lesfurets_extractTimespan_74.txt,32,96,8682,,,,248
data/lesfurets/lesfurets_extractTimespan_51.txt,66,428,8378,,,,19509
data/lesfurets/lesfurets_extractTimespan_34.txt,38,177,9416,,,,788
data/lesfurets/lesfurets_extractTimespan_54.txt,32,97,8714,,,,257
data/lesfurets/lesfurets_extractTimespan_98.txt,104,856,8856,,,,236051
data/lesfurets/lesfurets_extractTimespan_127.txt,70,447,10581,,,,25313
data/lesfurets/lesfurets_extractTimespan_47.txt,47,252,9881,,,,2910
data/lesfurets/lesfurets_extractTimespan_113.txt,78,523,10667,,,,46920
data/lesfurets/lesfurets_extractTimespan_187.txt,55,348,12967,,,,7577
data/lesfurets/lesfurets_extractTimespan_43.txt,35,157,9242,,,,455
data/lesfurets/lesfurets_extractTimespan_85.txt,29,67,7157,,,,138
data/lesfurets/lesfurets_extractTimespan_53.txt,51,303,7926,,,,4682
data/lesfurets/lesfurets_extractTimespan_179.txt,116,933,11032,,,,398345
data/lesfurets/lesfurets_extractTimespan_70.txt,31,87,8364,,,,213
data/lesfurets/lesfurets_extractTimespan_37.txt,66,428,8378,,,,19450
data/lesfurets/lesfurets_extractTimespan_165.txt,83,568,10743,,,,63601
data/lesfurets/lesfurets_extractTimespan_7.txt,55,342,8096,,,,7436
data/lesfurets/lesfurets_extractTimespan_185.txt,59,370,10367,,,,10493
data/lesfurets/lesfurets_extractTimespan_83.txt,50,288,7891,,,,4103
data/lesfurets/lesfurets_extractTimespan_196.txt,81,563,10739,,,,57241
data/lesfurets/lesfurets_extractTimespan_131.txt,94,729,10871,,,,132242
data/lesfurets/lesfurets_extractTimespan_92.txt,43,219,9692,,,,1802
data/lesfurets/lesfurets_extractTimespan_112.txt,75,467,10596,,,,35151
data/lesfurets/lesfurets_extractTimespan_155.txt,104,848,10980,,,,231217
data/lesfurets/lesfurets_extractTimespan_15.txt,33,106,8766,,,,313
data/lesfurets/lesfurets_extractTimespan_176.txt,64,408,10453,,,,16459
data/lesfurets/lesfurets_extractTimespan_138.txt,79,538,10705,,,,49855
data/lesfurets/lesfurets_extractTimespan_123.txt,89,648,10816,,,,93258
data/lesfurets/lesfurets_extractTimespan_4.txt,46,243,9797,,,,2599
data/lesfurets/lesfurets_extractTimespan_16.txt,38,178,9456,,,,799
data/lesfurets/lesfurets_extractTimespan_193.txt,167,1491,11265,,,,2832428
data/lesfurets/lesfurets_extractTimespan_88.txt,41,207,9621,,,,1382
data/lesfurets/lesfurets_extractTimespan_50.txt,133,1097,9000,,,,826775
data/lesfurets/lesfurets_extractTimespan_1.txt,46,244,9826,,,,2590
data/lesfurets/lesfurets_extractTimespan_11.txt,29,71,9827,,,,151
data/lesfurets/lesfurets_extractTimespan_76.txt,38,175,9386,,,,793
data/lesfurets/lesfurets_extractTimespan_122.txt,66,429,10507,,,,19584
data/lesfurets/lesfurets_extractTimespan_110.txt,56,352,12955,,,,8210
data/lesfurets/lesfurets_extractTimespan_21.txt,35,152,9147,,,,456
data/lesfurets/lesfurets_extractTimespan_175.txt,133,1099,11130,,,,824988
data/lesfurets/lesfurets_extractTimespan_177.txt,83,574,10752,,,,64528
data/lesfurets/lesfurets_extractTimespan_148.txt,59,374,10373,,,,10636
data/lesfurets/lesfurets_extractTimespan_97.txt,35,155,9188,,,,455
data/lesfurets/lesfurets_extractVertices_22.txt,150,576,7902,,,,378197
data/lesfurets/lesfurets_extractTimespan_158.txt,104,850,10981,,,,232681
data/lesfurets/lesfurets_extractTimespan_42.txt,32,92,8459,,,,253
data/lesfurets/lesfurets_extractTimespan_49.txt,29,67,7157,,,,133
data/lesfurets/lesfurets_extractTimespan_194.txt,151,1299,11207,,,,1618633
